arr_observation_id,company_id,article_id,observation_date,arr_usd,arr_raw_value,arr_currency,arr_is_range
ARR-7D4E93AFA4E02DF1C1921C61,COMP-7AD8A9012E991995,ART-6662498721EC5639,2023-02-23,310000000,"£244,094,488",GBP,False
ARR-6231E56A2D54D1437927C7B7,COMP-65AAA4A1B46C7F71,ART-3C26D030611D991E,2023-12-13,980000000,$980.0M,USD,False
ARR-E0E75BBCA48BF5DF1CBE954C,COMP-088472395B269710,ART-23A9065F44668E73,2021-10-26,16800000000,$16.800B,USD,False
ARR-B9366DCF35CE652C8E5F8333,COMP-EFD12553D6A4F7E5,ART-407A458BAE9F4BA3,2022-10-19,75000000000,75000.0M USD,USD,False
ARR-07279EB80596B5011633D652,COMP-F0C6ACFF24BC7941,ART-9ED0CCBF46966099,2023-02-07,1480000000,$1.480 billion,USD,False
ARR-7D5FF0F59F8AD7B1A04010D1,COMP-F0C6ACFF24BC7941,ART-03A5313A4D0BC07C,2022-11-05,1380000000,"€1,254,545,455",EUR,False
ARR-021D6F23FD4A99E3A596A47E,COMP-A19EE5A9FDC19109,ART-EE504E33AC7AF638,2021-10-25,320000000,$320.0M,USD,False
ARR-969C9ED81C9495992806CAAB,COMP-F1905B7E8DD98927,ART-5FA61EF948F5178C,2023-08-23,32000000000,$32.000B,USD,False
ARR-A8451B40BD9FBCBD5351F414,COMP-65AAA4A1B46C7F71,ART-97A42B9C8CF5FBEB,2020-01-15,260000000,$260.0M,USD,False
ARR-7B7F214082AFD16F140D983D,COMP-EFD12553D6A4F7E5,ART-1A35036FEEB1FBFF,2020-09-27,25200000000,$25.200B,USD,False
ARR-D773CBD950A7DBD430602DBA,COMP-54AADC94970AD31E,ART-7E7598A4E3DFA1BD,2020-04-20,1030000000,$1.030B,USD,False
ARR-25907403508B6BD8D84AD523,COMP-F4E821747C88DE40,ART-354E9590F0C19FDD,2021-07-24,3900000000,$3.900B,USD,False
ARR-4DB6B61B0493CA9E8CE6CC9F,COMP-65AAA4A1B46C7F71,ART-9603F85684C0A9D4,2023-01-15,790000000,"$790,000,000",USD,False
ARR-96E15C83267D1A2A3885C252,COMP-7AD8A9012E991995,ART-59BB3954D7E55130,2023-10-14,379999999,"£299,212,598",GBP,False
ARR-1C514325ECB3298CB446B7B1,COMP-2D3DAD417C3B2CB2,ART-16EE61869A1C96D0,2023-10-03,2400000000,"¥360,000,000,000",JPY,False
ARR-978BB4B12E39FFDF16CB7D12,COMP-7AD8A9012E991995,ART-510C7E230DF2DD87,2020-07-23,170000000,$170.0M,USD,False
ARR-2A6FD340148F59DCF77F28B2,COMP-296ABB15D702EA5D,ART-6E0864373C57121C,2021-09-11,930000000,$0.930 billion,USD,False
ARR-7E966872FEF77C654633D071,COMP-2D3DAD417C3B2CB2,ART-88EE79F1CADF39BE,2023-05-23,2150000000,$2.150B,USD,False
ARR-235DC081B1DFD6C1416E881E,COMP-088472395B269710,ART-4045B80717A01DFB,2020-11-22,12600000000,$12.600B,USD,False
ARR-376D9E9E0007C9E6C995BFF7,COMP-088472395B269710,ART-EE694255B3A841F7,2023-09-13,40500000000,"€36,818,181,818",EUR,False
ARR-26814114A5CECE411B744DF6,COMP-A5A4E8E5266709E9,ART-EA338A0D4B5EB97C,2023-03-26,1200000000,"€1,090,909,091",EUR,False
ARR-E462570FD7B4450393C4EEA8,COMP-F4E821747C88DE40,ART-5BDFAB460CD82297,2022-02-15,5000000000,$5.000 billion,USD,False
ARR-62818BB76DE55EB2D5DF50B1,COMP-7AD8A9012E991995,ART-04618A496336BEB6,2021-10-21,275000000,$275.0M,USD,False
ARR-93B9B0F680AD4E89C3D9F39E,COMP-088472395B269710,ART-D1480BF6DE268804,2023-09-05,40500000000,$38475.0M - $42525.0M,USD,True
ARR-DEDB671A18D6CC9DC6735DDD,COMP-A5B966CDCB605CA4,ART-BDEC25C707C2C524,2021-04-05,620000000,"€563,636,364",EUR,False
ARR-D0DB7E536425639761C1E571,COMP-11F3242118FF2ADD,ART-37C2B1D69C1C162E,2022-02-23,61000000000,$57950.0M - $64050.0M,USD,True
ARR-E7458C2A72ED4EE9B0FFC0A7,COMP-F4E821747C88DE40,ART-15E13167F9A88C0E,2023-04-11,7600000000,$7.600 billion,USD,False
ARR-E018D677049164FE5711F6EC,COMP-7AD8A9012E991995,ART-10F277F58785D737,2022-09-26,305000000,"£240,157,480",GBP,False
ARR-9EF5E0C6829102CDFD58D004,COMP-A5B966CDCB605CA4,ART-4C00F3E106B342A4,2020-08-22,455000000,$455.0 million,USD,False
ARR-1E0A3B86FE798274C17DE4FB,COMP-65AAA4A1B46C7F71,ART-E35CC2367F0871EF,2022-02-07,600000000,$0.600 billion,USD,False
ARR-18C03DD94F78E93993AFBE28,COMP-088472395B269710,ART-E8460B4DA07776E1,2021-07-25,16000000000,"¥2,400,000,000,000",JPY,False
ARR-55A38D9C197D0E2A897278E2,COMP-3DA36D688D43678F,ART-B8952A1003259AB5,2022-10-02,570000000,$0.570 billion,USD,False
ARR-F18436E3E82D73FBFC2959B6,COMP-4D08EC58743327BA,ART-6BEB966629606040,2023-01-02,2300000000,2300.0M USD,USD,False
ARR-58411AD7FAEFDDB91ACC40B5,COMP-EFD12553D6A4F7E5,ART-3C1D374D717F7CAF,2021-04-10,54000000000,"$54,000,000,000",USD,False
ARR-AACBCE3B2ED4B653FD12C6AF,COMP-3DA36D688D43678F,ART-5C5339E37B3DBED8,2020-07-29,135000000,$135.0 million,USD,False
ARR-A6092CD851AF6D69F9C92F58,COMP-A5A4E8E5266709E9,ART-547240DEB0AD14D5,2022-03-31,700000000,$700.0 million,USD,False
ARR-7C93C26F7F53BDDE4041D74F,COMP-A5A4E8E5266709E9,ART-C2C2CA72FDC03A92,2023-05-07,1400000000,$1330.0M - $1470.0M,USD,True
ARR-5B297AB46F28DB28365301B3,COMP-54AADC94970AD31E,ART-C50F9CF13C869158,2023-05-01,1920000000,$1.920B,USD,False
ARR-DD291EDE43BABBF8ACD757F7,COMP-F4E821747C88DE40,ART-CD5C810F1F85621E,2023-01-20,7000000000,$7000.0 million,USD,False
ARR-147C4C612890E124E0692C2A,COMP-FDA76B0BCC1E87CF,ART-58798D5DD65DAEE9,2020-09-11,730000000,730.0M USD,USD,False
ARR-794B1E5F70748AE51D78A535,COMP-088472395B269710,ART-EBC2741F7CBD8223,2020-11-20,12600000000,$12.600B,USD,False
ARR-45E4755AEDED92C4EEAFD3DD,COMP-11F3242118FF2ADD,ART-74AFD28BE2C1E94B,2021-07-19,55000000000,$55.000 billion,USD,False
ARR-9B53A18CB061E2B20CE0BB86,COMP-11F3242118FF2ADD,ART-61ECFE58AF9910B5,2023-01-08,71000000000,$71.000B,USD,False
ARR-5EEB00B6C92E5A5225A78C9F,COMP-F4E821747C88DE40,ART-1252A1CC588AD92C,2021-10-13,4300000000,$4300.0 million,USD,False
ARR-CE35ECF22C3A76D281E17DED,COMP-54AADC94970AD31E,ART-688824E0612A281E,2022-12-13,1700000000,"¥255,000,000,000",JPY,False
ARR-36FEBD9338D3B6AF5B613899,COMP-3DA36D688D43678F,ART-4ACD0CDB5E6CA0E7,2021-11-03,340000000,$340.0M,USD,False
ARR-3A3E10B6F2ACFCA9DC6A4D86,COMP-D7B6461815275268,ART-D20295A641A24B8D,2020-07-20,145000000,"$145,000,000",USD,False
ARR-584FD17D8C77AC2BCEFD6755,COMP-F4E821747C88DE40,ART-309240CDB3CE3002,2021-05-15,3450000000,$3450.0 million,USD,False
ARR-C210859FE657C97F04F92DFC,COMP-A5B966CDCB605CA4,ART-B0B7EB5DADC65E4E,2020-10-20,500000000,"¥75,000,000,000",JPY,False
ARR-E063C3104EEEBCBD03C5EBD7,COMP-6D785501E2B59644,ART-B8E63A93663D892F,2021-08-28,4200000000,"$4,200,000,000",USD,False
ARR-0A89A1E517C0D5C0E14DC29F,COMP-7AD8A9012E991995,ART-72D0F118485F1220,2022-10-14,295000000,295.0M USD,USD,False
ARR-FB9EDA3306F2363563604D37,COMP-3DA36D688D43678F,ART-ADEF0E43465EE9DA,2023-07-09,735000000,$735.0 million,USD,False
ARR-CA8B16FB4014413545146B7B,COMP-D3E00D24B34937E8,ART-A7DE9AE33F4CF7CE,2020-09-27,45500000000,$45.500 billion,USD,False
ARR-2C947B6CFDE176F6E048A605,COMP-A5A4E8E5266709E9,ART-2C68425BB052E24F,2020-03-06,145000000,"£114,173,228",GBP,False
ARR-AE2D087FEFB4E5E2628FD84D,COMP-6D785501E2B59644,ART-CF8F7EC68457D50D,2023-08-10,7400000000,"¥1,110,000,000,000",JPY,False
ARR-875F61A0BCFE8B84CAFBDAB1,COMP-A5B966CDCB605CA4,ART-96986525D7DDAC40,2022-04-15,875000000,"€795,454,545",EUR,False
ARR-20C7C442B8C1AF69E5D84C0D,COMP-B780A23B530EF6BB,ART-BC13208B9B5AF273,2021-07-19,45000000,"$45,000,000",USD,False
ARR-44DE09D20F48F280A85BB030,COMP-EFD12553D6A4F7E5,ART-AC4C312BB813C19F,2023-02-09,82000000000,$82000.0 million,USD,False
ARR-99144549C10581EA5A7EA76F,COMP-11F3242118FF2ADD,ART-429F1D2BA8AAC7DE,2021-05-28,52500000000,$52.500B,USD,False
ARR-BA53C488805BD5D7C0298BE6,COMP-F0C6ACFF24BC7941,ART-54E1EF39C5D1CD55,2023-06-13,1560000000,$1.560B,USD,False
ARR-26600C77E823AA1794E55B1D,COMP-D7B6461815275268,ART-C22138CACB9B8CFB,2021-10-21,410000000,"¥61,500,000,000",JPY,False
ARR-756805499DAC1766055EF6A9,COMP-4D08EC58743327BA,ART-C1E22797EAE7EC2B,2021-10-02,1550000000,$1.550B,USD,False
ARR-6B73D8A382F60AC918245118,COMP-6D785501E2B59644,ART-91051AE0A4841C06,2023-02-13,6600000000,"£5,196,850,394",GBP,False
ARR-F790BB51E3CA1D7FD7BB9989,COMP-65AAA4A1B46C7F71,ART-00F5E7A784981F0F,2022-05-28,655000000,$0.655 billion,USD,False
ARR-7BEE9179A48D4E7364FC0557,COMP-A19EE5A9FDC19109,ART-AC15C925483F086C,2020-10-20,95000000,$90.2M - $99.8M,USD,True
ARR-3859D3E555828A4EF7365746,COMP-54AADC94970AD31E,ART-90F5009EB007364A,2022-05-18,1550000000,"£1,220,472,441",GBP,False
ARR-31CD8BD3761CE4C697899815,COMP-A5B966CDCB605CA4,ART-6D3ED86C9FA5749C,2023-09-28,1260000000,$1.260 billion,USD,False
ARR-63076D0DD944D4F2D1AF0C4F,COMP-4D08EC58743327BA,ART-42A3A188FC6D62E4,2020-01-16,720000000,$720.0M,USD,False
ARR-58D934D1C09F5A38EC6DEABA,COMP-A19EE5A9FDC19109,ART-0B05A60DB1577EE4,2020-06-08,75000000,$75.0M,USD,False
ARR-057130445408138C9FAD78C6,COMP-4D08EC58743327BA,ART-21BA3424FAD8A9D0,2020-06-05,780000000,$780.0 million,USD,False
ARR-A46A08950BB190483F76D5AB,COMP-54AADC94970AD31E,ART-D039FC91A02D42FA,2023-08-27,2100000000,"¥315,000,000,000",JPY,False
ARR-4299A86042BBCD4CA170B6C2,COMP-F0C6ACFF24BC7941,ART-84C0099745C5DFC7,2020-12-19,650000000,"€590,909,091",EUR,False
ARR-75845F032FE0B9ACA93A5A60,COMP-11F3242118FF2ADD,ART-9EA1DD59EA8397DF,2023-12-10,78000000000,"$78,000,000,000",USD,False
ARR-7A59ED63FA456A9C9E547376,COMP-4D08EC58743327BA,ART-570E7ACE3CF912EE,2021-01-28,1050000001,"€954,545,455",EUR,False
ARR-F7074306226A00C6AC90D7F9,COMP-D3E00D24B34937E8,ART-0DDE43CEFEC66557,2023-11-19,95000000000,"¥14,250,000,000,000",JPY,False
ARR-A62EFE3206F9EB5E06AA1D04,COMP-088472395B269710,ART-8185A41606A0CD1B,2021-04-05,15000000000,"£11,811,023,622",GBP,False
ARR-F597DC7177EA9FCA2FD0F109,COMP-EFD12553D6A4F7E5,ART-062E65823A58EF25,2020-10-10,26000000000,$24700.0M - $27300.0M,USD,True
ARR-1D20D7F7D64B504703CD5ED0,COMP-D3E00D24B34937E8,ART-C7B748853902E4F3,2022-07-09,78000000000,"£61,417,322,835",GBP,False
ARR-479C2C9C110849E02EE97DAB,COMP-6D785501E2B59644,ART-EBB050A63FA3EF42,2020-02-27,2600000000,"$2,600,000,000",USD,False
ARR-2D6BFB39CF31643C4CC575BD,COMP-A5B966CDCB605CA4,ART-672929EF9B881E96,2023-06-14,1180000000,$1.180B,USD,False
ARR-D5627808F0893017DC56AB5E,COMP-F4E821747C88DE40,ART-BC1ED4270F26CC0C,2023-06-29,7600000000,$7220.0M - $7980.0M,USD,True
ARR-F0CF7C0C3A84F18A534A7157,COMP-F4E821747C88DE40,ART-279C8FFE91A1C161,2023-06-13,7600000000,$7.600B,USD,False
ARR-4F9B6F70827F2C84709C904D,COMP-296ABB15D702EA5D,ART-0304920D6ECCD89F,2022-03-10,1010000000,"$1,010,000,000",USD,False
ARR-8CB4972CDFE6D4CFBCEFA0AD,COMP-54AADC94970AD31E,ART-D09F897468B204D3,2021-08-23,1320000000,$1.320B,USD,False
ARR-EBA04232A3A44FE914C5035B,COMP-F0C6ACFF24BC7941,ART-B075FF2C516F1F49,2020-06-18,540000000,"€490,909,091",EUR,False
ARR-8E15CD293D11F316D73DBA48,COMP-2D3DAD417C3B2CB2,ART-5ECDA029B3849FEE,2020-04-27,420000000,$420.0 million,USD,False
ARR-CD691D9894488B85254ADAC8,COMP-11F3242118FF2ADD,ART-DBF1304C1C389403,2021-04-28,52500000000,"¥7,875,000,000,000",JPY,False
ARR-190863B91CC3C8312B31E26F,COMP-65AAA4A1B46C7F71,ART-7D4EE3A318DDA7FC,2022-12-20,735000000,"$735,000,000",USD,False
ARR-4CBC3AE8C156D62872B540A0,COMP-296ABB15D702EA5D,ART-B4146B6E98E592C9,2021-06-20,890000000,$890.0 million,USD,False
ARR-7697907E1802949A06494F07,COMP-D7B6461815275268,ART-FB7F5C938D5AD65E,2021-10-16,410000000,$410.0 million,USD,False
ARR-0CDC2997AA3D0CDB97443592,COMP-6D785501E2B59644,ART-AB71FE2BADB6EA24,2021-04-04,3800000001,"€3,454,545,455",EUR,False
ARR-A0506205618D1C791585206A,COMP-7AD8A9012E991995,ART-220766564008F25D,2020-07-10,170000000,170.0M USD,USD,False
ARR-12D7DF70DC30F8BEF375E939,COMP-3DA36D688D43678F,ART-7D377CDDD4B5E435,2021-06-26,260000000,$0.260 billion,USD,False
ARR-687163B5F2624F91D77D903E,COMP-B780A23B530EF6BB,ART-F2B3B24A1B8EBBC3,2022-02-25,95000000,$95.0M,USD,False
ARR-BFA21597C5B40DA49155ABDF,COMP-A5B966CDCB605CA4,ART-2D4F3D2D6781A242,2022-10-15,1010000000,"$1,010,000,000",USD,False
ARR-CFA17AEB6D134C252EA17083,COMP-296ABB15D702EA5D,ART-4B1B0AC8B8B031B7,2022-01-12,1010000000,1010.0M USD,USD,False
ARR-2AFA1DA24EA401E697C9ED78,COMP-296ABB15D702EA5D,ART-67CFD88D542E8B6C,2023-12-22,1250000000,$1.250B,USD,False
ARR-B8580E43B58723FD1DBD9E81,COMP-11F3242118FF2ADD,ART-8E947E1E2F1E8E18,2021-05-11,52500000000,"£41,338,582,677",GBP,False
ARR-4B8FA40E76FC1C0322AB44D8,COMP-A19EE5A9FDC19109,ART-A29EF655F0FA1480,2020-11-19,95000000,$0.095 billion,USD,False
ARR-4DED609B6BA2C920600CD814,COMP-B780A23B530EF6BB,ART-7C35DD5844C60538,2021-09-03,45000000,$42.8M - $47.2M,USD,True
ARR-3BF580B1E5E6732852240E4E,COMP-4D08EC58743327BA,ART-E96AB7AF81768AF0,2022-07-28,1900000000,1900.0M USD,USD,False
ARR-8EDA1E50EAE28D72DFDD7D09,COMP-F4E821747C88DE40,ART-6E69FCED660D26B1,2021-11-02,4300000000,$4.300B,USD,False
ARR-E64995E496987B410E26345A,COMP-F1905B7E8DD98927,ART-399E95598ED784A6,2022-10-26,25000000000,$25.000B,USD,False
ARR-388CEF30B7232717E572D6FF,COMP-F0C6ACFF24BC7941,ART-70B33B8482C7F052,2023-03-18,1480000000,1480.0M USD,USD,False
ARR-4A370AC0B1F8B4B32FF9D30C,COMP-EFD12553D6A4F7E5,ART-596B64980D32A366,2020-05-29,24500000000,$24.500B,USD,False
ARR-4E98C8FFCD5A5952F77925BA,COMP-F4E821747C88DE40,ART-248F792D7049E623,2022-02-15,5000000000,$5.000B,USD,False
ARR-D606CE8CD29C86836FEB9833,COMP-088472395B269710,ART-1DF9AE0835555D5B,2020-05-17,11200000000,"$11,200,000,000",USD,False
ARR-9C96C2F73037517AD44DA652,COMP-B780A23B530EF6BB,ART-CBB5025A6E7A3286,2022-10-28,250000000,$0.250 billion,USD,False
ARR-DCD3BE0FABC662C62FB30E51,COMP-4D08EC58743327BA,ART-92AF90809B244588,2022-05-02,1820000000,$1.820B,USD,False
ARR-B83A67F3888164D1E4777DE4,COMP-B780A23B530EF6BB,ART-89FC8015BE65F16E,2022-04-25,130000000,$130.0M,USD,False
ARR-35AC0F75BD634D501BD5E6AF,COMP-EFD12553D6A4F7E5,ART-862F49EEAF7D5F1D,2020-08-28,25200000000,$23940.0M - $26460.0M,USD,True
ARR-2AF6AB001935FF72D7623F2C,COMP-65AAA4A1B46C7F71,ART-44CEE1C96EA6C7F8,2020-10-25,340000000,$340.0M,USD,False
ARR-5158EFD40485DB38AE965959,COMP-11F3242118FF2ADD,ART-932BD8BCD9A2B081,2023-01-24,71000000000,$71.000B,USD,False
ARR-AD6C258B658F7EA31ACF31CC,COMP-11F3242118FF2ADD,ART-54AB8F46EB480ABF,2021-04-18,52500000000,"$52,500,000,000",USD,False
ARR-892ECA93B2A17E978376E578,COMP-A5B966CDCB605CA4,ART-78C94CA50CDA5946,2020-01-14,390000000,$370.5M - $409.5M,USD,True
ARR-FA6A75817018C749F5F34A93,COMP-A5B966CDCB605CA4,ART-9966774431B8EFC6,2023-08-13,1260000000,$1.260B,USD,False
ARR-BEDE481D312359464170941B,COMP-D7B6461815275268,ART-81DED35056CEE9F1,2021-07-28,340000000,$340.0M,USD,False
ARR-00537E469E0C5E566F8A7F79,COMP-D7B6461815275268,ART-7085E0B8AF82D0C1,2020-11-28,175000001,"£137,795,276",GBP,False
ARR-10A700CD822534CCE8DEDB07,COMP-F0C6ACFF24BC7941,ART-EB72D853712825D6,2021-12-09,990000000,990.0M USD,USD,False
ARR-77A310C8F0304E1EC870003B,COMP-A19EE5A9FDC19109,ART-EE10845A31A6B6C9,2021-07-13,240000000,240.0M USD,USD,False
ARR-7AEF3152AA22FD82C753FD48,COMP-7AD8A9012E991995,ART-B1A4F194D936DF2E,2021-05-19,245000000,"£192,913,386",GBP,False
ARR-E7D48510A0C580648472F3E6,COMP-65AAA4A1B46C7F71,ART-3C2B153E64F56121,2020-12-13,340000000,"¥51,000,000,000",JPY,False
ARR-53F53F21F3B703229B8575C1,COMP-296ABB15D702EA5D,ART-6D54B19D2459EAE3,2022-01-06,1010000000,$1.010B,USD,False
ARR-3D98FCF230340439195B967F,COMP-65AAA4A1B46C7F71,ART-F147E965D57FC3DA,2023-10-19,980000000,$980.0M,USD,False
ARR-788939C821248A50F130543A,COMP-296ABB15D702EA5D,ART-F260B4B4B2C9B1D8,2023-11-09,1250000000,"€1,136,363,636",EUR,False
ARR-488B1E170A8730307A851342,COMP-4D08EC58743327BA,ART-7A27D3DDC0DB36B0,2021-09-06,1380000000,$1.380B,USD,False
ARR-1A4A51F7315B00525D38EF01,COMP-65AAA4A1B46C7F71,ART-EAEB7348750A6338,2022-03-07,600000000,$570.0M - $630.0M,USD,True
ARR-05727DB839847EDF22810B96,COMP-FDA76B0BCC1E87CF,ART-4FD454393A0BC4D0,2023-04-23,2520000000,$2520.0 million,USD,False
ARR-5F2E3F4CBF2DD936F2F80F53,COMP-F4E821747C88DE40,ART-58F82DE5A5348700,2020-10-09,2600000000,$2600.0 million,USD,False
ARR-91EF0FB24AB817E3CC023F26,COMP-65AAA4A1B46C7F71,ART-48CD10B4BAE11518,2021-03-27,390000000,"¥58,500,000,000",JPY,False
ARR-B64F63CCAB98D1720D127D9B,COMP-296ABB15D702EA5D,ART-DAFF3752794B8655,2020-08-19,700000000,"¥105,000,000,000",JPY,False
ARR-B130E8B7B6925040613016DB,COMP-3DA36D688D43678F,ART-A8975E5A9BA6E87D,2021-09-01,305000000,$305.0M,USD,False
ARR-A39353BE1CD3E6BB52B82F50,COMP-7AD8A9012E991995,ART-5AEFF2699D85A493,2022-05-26,315000000,$299.2M - $330.8M,USD,True
ARR-0750E7A37E2F619C06FEAFDE,COMP-FDA76B0BCC1E87CF,ART-4BA2801FD69D49A3,2023-03-18,2350000000,$2.350 billion,USD,False
ARR-8D09B647B9EF9081FCB1D29B,COMP-3DA36D688D43678F,ART-215D87E3AC70C4D2,2020-02-03,100000000,$100.0 million,USD,False
ARR-AB0F9574C298B9571BE53BEE,COMP-3DA36D688D43678F,ART-837EADAFCFF43F05,2023-12-12,760000000,$722.0M - $798.0M,USD,True
ARR-0FF55F3B943B72E04B977C50,COMP-4D08EC58743327BA,ART-92004A37BACBA950,2022-05-14,1820000000,$1.820B,USD,False
ARR-AD0E085E15430BFCE9DE7938,COMP-11F3242118FF2ADD,ART-B4BE2525C74E0735,2020-09-29,44500000000,"¥6,675,000,000,000",JPY,False
ARR-6CEAAF052BC4421F38C95B9D,COMP-F4E821747C88DE40,ART-B065C3ED7B93DC3B,2023-11-07,8500000000,"£6,692,913,386",GBP,False
ARR-BCC26D84973519BD7738070C,COMP-088472395B269710,ART-DED15B05D59AAFA3,2023-05-15,36000000000,$34200.0M - $37800.0M,USD,True
ARR-33DBBBB9212BB45A2C189417,COMP-FDA76B0BCC1E87CF,ART-7AC1792B1ACDC183,2020-04-21,620000000,$589.0M - $651.0M,USD,True
ARR-84D46863503E4F74278FB11C,COMP-F1905B7E8DD98927,ART-EFA9F68D7CB48E41,2022-05-11,25000000000,"$25,000,000,000",USD,False
ARR-CED4A9C3B94EED3429681650,COMP-B780A23B530EF6BB,ART-A3164C8AF91F485F,2022-03-11,95000000,$90.2M - $99.8M,USD,True
ARR-4CDA2F90CD0FBC0E77C79EB3,COMP-F4E821747C88DE40,ART-B640D9C54DCA95CA,2022-07-17,6100000000,"$6,100,000,000",USD,False
ARR-A0C774DE91D80697F269FAA6,COMP-65AAA4A1B46C7F71,ART-9DF1EC8390EADCCB,2020-06-06,285000000,"€259,090,909",EUR,False
ARR-22476B09B2CBC97453250C79,COMP-A5A4E8E5266709E9,ART-15AA0A35899F491A,2022-11-08,1130000001,"£889,763,780",GBP,False
ARR-348A83D7FB5840E81C390E71,COMP-296ABB15D702EA5D,ART-A41308C4D4C55F8F,2023-09-04,1200000000,$1.200B,USD,False
ARR-805AE072D41F6FD4F2F50D7A,COMP-D3E00D24B34937E8,ART-54F60C0241E7B8A6,2022-11-22,81000000000,"€73,636,363,636",EUR,False
ARR-1C1376B0F5FE8352F7F7DDD7,COMP-EFD12553D6A4F7E5,ART-B4015E8208B6CE32,2023-02-28,82000000000,"£64,566,929,134",GBP,False
ARR-EB3BD68DFA799FFF4FD5C5DA,COMP-088472395B269710,ART-3D0B9A0D5CFE9099,2022-04-25,17800000000,$16910.0M - $18690.0M,USD,True
ARR-C301DB3B222CDDAF97803F7F,COMP-65AAA4A1B46C7F71,ART-EAA4241F84E21450,2020-05-07,285000000,"€259,090,909",EUR,False
ARR-42CA1F3B95FD15F9DE16C6A6,COMP-54AADC94970AD31E,ART-F806A9443968C7E4,2022-06-08,1550000000,"€1,409,090,909",EUR,False
ARR-8E607C96FE1D2E8025BDD243,COMP-F1905B7E8DD98927,ART-DFE77713F8FEF698,2020-04-10,10200000000,"£8,031,496,063",GBP,False
ARR-B6269B572E4B2E7CD6BCC979,COMP-A5A4E8E5266709E9,ART-6052DF0B9FE33D96,2020-07-27,165000000,$165.0M,USD,False
ARR-164FD36CA5FA9324F3B4BF16,COMP-65AAA4A1B46C7F71,ART-478E7C4217A37D1B,2021-06-14,455000000,$455.0M,USD,False
ARR-B6FFF1FD5023C357C9291AF8,COMP-65AAA4A1B46C7F71,ART-F16A571F91E17C28,2022-03-19,600000000,$600.0M,USD,False
ARR-F1F88764C1A78428C96AF16B,COMP-D3E00D24B34937E8,ART-F414C4A51B124493,2021-10-15,65000000000,"¥9,750,000,000,000",JPY,False
ARR-E1293CCD764FFAE05175DE33,COMP-D3E00D24B34937E8,ART-0FD4C57A6C7745B7,2021-05-22,58000000000,$58000.0 million,USD,False
ARR-DF36827F6560D836E74D0DB8,COMP-B780A23B530EF6BB,ART-77611231FE193BF4,2023-05-17,380000000,$380.0 million,USD,False
ARR-EEF15E3787D750555D2A90D2,COMP-B780A23B530EF6BB,ART-02C6691171A37E13,2020-10-29,12000000,"€10,909,091",EUR,False
ARR-D38E405CC21302182EAFB1F5,COMP-4D08EC58743327BA,ART-D1BE34189F809E48,2021-10-22,1550000000,$1.550B,USD,False
ARR-4E488BE511B444F207B05421,COMP-FDA76B0BCC1E87CF,ART-DC9C708EE9471EF9,2023-11-11,2800000000,$2800.0 million,USD,False
ARR-52DB4074F48A6CB1F7B8D9A2,COMP-3DA36D688D43678F,ART-544B8FE939D386E8,2020-08-01,135000000,"€122,727,273",EUR,False
ARR-81A4BF920E75CD8FF201C6A0,COMP-3DA36D688D43678F,ART-2D634D2A21061489,2021-11-18,340000000,$340.0M,USD,False
ARR-1B8017A4A8B9C995CB3CEA31,COMP-4D08EC58743327BA,ART-35BAFD50B1F5B83D,2023-06-10,2600000000,"$2,600,000,000",USD,False
ARR-652562CFE070122EFD4833B4,COMP-F4E821747C88DE40,ART-27712C389B7F6660,2023-02-08,7000000000,$7.000B,USD,False
ARR-39421A3B41D11540138B9F36,COMP-11F3242118FF2ADD,ART-15B26C98938C7DBF,2022-01-08,61000000000,"$61,000,000,000",USD,False
ARR-E2F56C248AB47159C570167B,COMP-B780A23B530EF6BB,ART-F72EB9CB3E9F3CA5,2022-06-19,130000000,$130.0M,USD,False
ARR-1B157C9C1C6AF73BBB5E4CDE,COMP-65AAA4A1B46C7F71,ART-58606AEA91F59F9E,2023-02-07,790000000,"¥118,500,000,000",JPY,False
ARR-DA9EA11AB4EA525180A74915,COMP-F0C6ACFF24BC7941,ART-B98199EEF3583566,2022-11-24,1380000000,$1.380B,USD,False
ARR-576DEF2C3EF6836177631E5F,COMP-D7B6461815275268,ART-B94F7472AC56CE50,2022-06-10,610000000,"£480,314,961",GBP,False
ARR-C7286B17DF718BB76259ECEF,COMP-FDA76B0BCC1E87CF,ART-3EC3CD8058A33E49,2022-10-03,2180000000,$2.180 billion,USD,False
ARR-77C9A08371B90C2A40996D8D,COMP-EFD12553D6A4F7E5,ART-C29B4C9F4BBD6D73,2021-03-08,31000000000,$31.000B,USD,False
ARR-0D707C92A88B912BD208DCCC,COMP-F0C6ACFF24BC7941,ART-5D451CD094743D5C,2020-02-29,500000000,"¥75,000,000,000",JPY,False
ARR-15FA3B4EB82E023938E5B503,COMP-D3E00D24B34937E8,ART-EDF1898C1221DAC3,2023-11-11,95000000000,$95.000B,USD,False
ARR-DBE449BDC4AADECEADCF460A,COMP-3DA36D688D43678F,ART-ACD0D4199FF3E5F2,2022-11-17,570000000,$570.0M,USD,False
ARR-5FCC73DD428EF617BF62BE77,COMP-3DA36D688D43678F,ART-083FC7DE3009E07B,2022-05-17,430000000,$408.5M - $451.5M,USD,True
ARR-29A16551E682B5CEDC851359,COMP-F0C6ACFF24BC7941,ART-6BE1A23A83D1DFB3,2022-02-05,1080000000,"€981,818,182",EUR,False
ARR-4CF4BBFEBA628203C318253C,COMP-65AAA4A1B46C7F71,ART-8682CAF7758358EB,2023-03-17,790000000,$750.5M - $829.5M,USD,True
ARR-B914B92CB25C2549BD6A87F5,COMP-D3E00D24B34937E8,ART-F24BFC234A85228E,2020-07-18,45500000000,$45.500B,USD,False
ARR-7B794D7D22D59BBE62D1EEBE,COMP-D3E00D24B34937E8,ART-482D64DEE3C136A9,2020-02-09,38000000000,$38.000B,USD,False
ARR-B4AD15D74F862E13288F513B,COMP-F1905B7E8DD98927,ART-B2937E87A5AD18DA,2021-06-07,14500000000,"$14,500,000,000",USD,False
ARR-176053F3FAFFE5D95B8F3316,COMP-D7B6461815275268,ART-766C04AC1589F789,2023-03-21,830000000,$0.830 billion,USD,False
ARR-D573C72AFA3AAA1D7F368038,COMP-11F3242118FF2ADD,ART-0E07ECE4E3D5DE6F,2023-08-18,75800000000,"€68,909,090,909",EUR,False
ARR-4C299D193D8F3F8BC4206E0E,COMP-2D3DAD417C3B2CB2,ART-15DA920D9FD47FBC,2023-11-13,2400000000,"$2,400,000,000",USD,False
ARR-81DFED7E55415BAF4140CEA4,COMP-A5B966CDCB605CA4,ART-B48BF91C16E151FA,2023-10-21,1350000000,$1350.0 million,USD,False
ARR-509970A1E6794F52005A83A1,COMP-54AADC94970AD31E,ART-55B2161B72B2AF1A,2020-05-09,1080000000,"£850,393,701",GBP,False
ARR-6C53D12C67A126FD629AFEED,COMP-7AD8A9012E991995,ART-3ABEBF490E3180A6,2023-07-29,355000000,$355.0M,USD,False
ARR-29749E0D298AB03E161D70E8,COMP-A5B966CDCB605CA4,ART-354F12010E2E259D,2023-07-09,1260000000,"€1,145,454,545",EUR,False
ARR-5D58CF5C494EECD001A55B3F,COMP-A5A4E8E5266709E9,ART-4F166E2406F09051,2020-12-02,190000000,"£149,606,299",GBP,False
ARR-F13706F2AC43A45D1AB530ED,COMP-296ABB15D702EA5D,ART-980ACE3CB48AAF00,2023-04-13,1160000000,$1.160B,USD,False
ARR-DC1B8C2086FCA1E094AE3818,COMP-F0C6ACFF24BC7941,ART-8A94AA84C8BB3AEB,2022-05-07,1180000000,"¥177,000,000,000",JPY,False
ARR-16EEBAE43F64DBC1E7A7C4AF,COMP-FDA76B0BCC1E87CF,ART-9579D83EEB873340,2023-01-26,2350000000,"€2,136,363,636",EUR,False
ARR-395AB384D70EDD2F0FFAA862,COMP-F0C6ACFF24BC7941,ART-1B32EDC733C57FD9,2023-11-22,1700000000,$1615.0M - $1785.0M,USD,True
ARR-988F65545AFBEDC1002B55D4,COMP-B780A23B530EF6BB,ART-4C2917FC1536D465,2021-06-30,28000000,$28.0M,USD,False
ARR-29025D9A42709249DC17B437,COMP-A5A4E8E5266709E9,ART-EA510FD5B65A0FD5,2023-10-15,1500000000,"$1,500,000,000",USD,False
ARR-DAAD3353902D36B9E9F2B4A9,COMP-F0C6ACFF24BC7941,ART-1206E57228150CC3,2022-02-11,1080000000,1080.0M USD,USD,False
ARR-B5E19F32428FD901BAF1698A,COMP-B780A23B530EF6BB,ART-378E2881C9E09D2D,2021-10-22,70000000,$70.0M,USD,False
ARR-2740AB56B8C3151E595C9115,COMP-F0C6ACFF24BC7941,ART-7CF2E87BF1A1544F,2022-10-31,1380000000,$1.380B,USD,False
ARR-6EB82F9D0AD676BA86D91958,COMP-FDA76B0BCC1E87CF,ART-0F5F3E11BC699BC5,2023-06-20,2520000000,"€2,290,909,091",EUR,False
ARR-1D2E91431DFCE8400E701E9D,COMP-B780A23B530EF6BB,ART-49FEC6661EDBF9A0,2021-10-19,70000000,$66.5M - $73.5M,USD,True
ARR-F5824BA0339A26EFA29D7222,COMP-3DA36D688D43678F,ART-057850959C9FE36D,2021-10-18,340000000,$340.0M,USD,False
ARR-31CCA4B31B9BF3953832F057,COMP-A5A4E8E5266709E9,ART-D6DFE52E1779D8CD,2023-01-06,1200000000,"$1,200,000,000",USD,False
ARR-EABA4A5F7F52C807EA88A1FB,COMP-D7B6461815275268,ART-89FF4D39999FFB35,2020-12-30,175000001,"£137,795,276",GBP,False
ARR-C849AA75749A0E6817EF6E98,COMP-4D08EC58743327BA,ART-44642CAAFA57B86A,2022-03-08,1700000000,$1.700B,USD,False
ARR-ADBA1C0EA06C783189B2318B,COMP-296ABB15D702EA5D,ART-DA33B9EA52D4E185,2023-07-22,1200000000,$1.200B,USD,False
ARR-2B04B5BE4560E32789B773BF,COMP-296ABB15D702EA5D,ART-DB2DDFDEBA184241,2020-06-23,660000000,$660.0 million,USD,False
ARR-92ADB82F9466C90DD0EBAF91,COMP-A5A4E8E5266709E9,ART-A2FD2EFD888C962A,2023-10-06,1500000000,$1.500 billion,USD,False
ARR-E45D2B5E516F51D558CD5B5B,COMP-65AAA4A1B46C7F71,ART-AB757EF8D4038464,2023-03-04,790000000,$790.0M,USD,False
ARR-08DDE8E304FE76B680F6AADA,COMP-D7B6461815275268,ART-A1C6834AA2519C14,2020-10-13,175000000,"$175,000,000",USD,False
ARR-237BEB5384D2E436EAF44179,COMP-65AAA4A1B46C7F71,ART-B346379303F7F7E5,2022-04-09,655000000,"€595,454,545",EUR,False
ARR-3EBB97C43AFFCC20456BF3B7,COMP-FDA76B0BCC1E87CF,ART-8AF77422D285268A,2022-08-09,2050000000,2050.0M USD,USD,False
ARR-D6C89D9AC8641D826C2D7365,COMP-54AADC94970AD31E,ART-DFC1AB8581F88DFC,2021-01-01,1180000000,"¥177,000,000,000",JPY,False
ARR-7C3A65EC1DCC096CA544C6C5,COMP-B780A23B530EF6BB,ART-5A619F7806CF0318,2021-02-27,18000000,"$18,000,000",USD,False
ARR-7B8C05D89AB707C142B89627,COMP-3DA36D688D43678F,ART-A37A94ACF193C9AD,2021-06-23,260000000,$247.0M - $273.0M,USD,True
ARR-CBD1D2160D43677E74F281EF,COMP-F0C6ACFF24BC7941,ART-58CF2F68914A7740,2021-12-23,990000000,"¥148,500,000,000",JPY,False
ARR-6B62520C20178788A60FAF98,COMP-3DA36D688D43678F,ART-B0B8D5C2C1F553D1,2021-03-09,210000000,"£165,354,331",GBP,False
ARR-20AA0E202C1190C675240614,COMP-A5B966CDCB605CA4,ART-5115749DEBACAF1E,2023-04-24,1180000000,$1180.0 million,USD,False
ARR-DFE354370532701F30B7B9D1,COMP-65AAA4A1B46C7F71,ART-4AFDC822877C1F44,2020-04-24,285000000,$0.285 billion,USD,False
ARR-9255252B5AE34BABC469625A,COMP-A5B966CDCB605CA4,ART-2E1E19695410D299,2021-03-25,560000000,$560.0 million,USD,False
ARR-2FB3109F4E1AAE877F05F7FD,COMP-7AD8A9012E991995,ART-341DBEBE55C8A877,2020-05-20,150000000,$142.5M - $157.5M,USD,True
ARR-3081411F36226048479A5C72,COMP-7AD8A9012E991995,ART-4CB369FAAD4527F3,2020-12-29,190000000,"¥28,500,000,000",JPY,False
ARR-187801D1E55A0C7459205BD4,COMP-A5A4E8E5266709E9,ART-A67B4106762AAF19,2020-01-10,130000000,"$130,000,000",USD,False
ARR-C6E6B12A67A9894B7C6CE6AA,COMP-F0C6ACFF24BC7941,ART-450F3DB8E4E68357,2022-11-30,1380000000,$1.380B,USD,False
ARR-B433C68B39996DF74A43ABF1,COMP-FDA76B0BCC1E87CF,ART-45B64B0A50773BB0,2021-12-06,1530000000,$1.530B,USD,False
ARR-B0B097BE909606866FEAB97E,COMP-7AD8A9012E991995,ART-E29DA8F7ABF9CB40,2022-02-26,300000000,$300.0M,USD,False
ARR-76B083757760B15392471580,COMP-7AD8A9012E991995,ART-0ED4BF7915857FE0,2022-11-22,295000000,$295.0M,USD,False
ARR-A7A54307272BA84669125560,COMP-2D3DAD417C3B2CB2,ART-6CCD20C275C2FA78,2021-12-24,1180000000,$1.180B,USD,False
ARR-70BF49CA3263D59EBCD84BC1,COMP-3DA36D688D43678F,ART-17E3F24BD54FC663,2023-10-18,760000000,$0.760 billion,USD,False
ARR-CEDB934278D2808A05807EAB,COMP-4D08EC58743327BA,ART-EB1C7A016A083C05,2023-02-09,2300000000,$2.300B,USD,False
ARR-F29E0A83E7429299EC7788A1,COMP-2D3DAD417C3B2CB2,ART-30B17CECE4CF5EC2,2021-04-14,900000000,"¥135,000,000,000",JPY,False
ARR-901577745830F261B7170AA7,COMP-4D08EC58743327BA,ART-37D431E01C6FDBFA,2020-01-18,720000000,720.0M USD,USD,False
ARR-5A2F5CA0D71EB475EC467099,COMP-65AAA4A1B46C7F71,ART-E7EEDE4AADE6FEDE,2023-03-25,790000000,$790.0 million,USD,False
ARR-BBB1DC6913FFE80A14DDE52B,COMP-11F3242118FF2ADD,ART-5FDC4B8063E165B2,2022-11-24,68500000000,$68500.0 million,USD,False
ARR-B133A2134746F849F2EE4A7F,COMP-3DA36D688D43678F,ART-20A46E2B60D2D392,2022-07-10,500000000,"$500,000,000",USD,False
ARR-0A72596545DB348B2A63734A,COMP-EFD12553D6A4F7E5,ART-19F5C23312F62C47,2023-03-25,82000000000,$77900.0M - $86100.0M,USD,True
ARR-5C6D5EE9A7DA42ECAE18CCBD,COMP-F4E821747C88DE40,ART-45798A987339D7C4,2021-01-11,3000000000,$3000.0 million,USD,False
ARR-388C42C89223D2D63117971A,COMP-A5B966CDCB605CA4,ART-61C73E2064966CDC,2020-04-20,420000000,$0.420 billion,USD,False
ARR-7DA16CA279A167B05E8CFCC5,COMP-F1905B7E8DD98927,ART-64342E8CA25000F1,2021-04-14,14500000000,"$14,500,000,000",USD,False
ARR-387030DB332DD01D59FFD0A6,COMP-54AADC94970AD31E,ART-C4BD4ED9AF48C9B6,2022-01-19,1460000000,"€1,327,272,727",EUR,False
ARR-3A888DAF9E36D65FEF169137,COMP-A5B966CDCB605CA4,ART-A7ADC3670598A6AB,2020-01-19,390000000,$390.0M,USD,False
ARR-9AC98C18B69011CED3C4B061,COMP-D3E00D24B34937E8,ART-0D74E594527B03A3,2023-08-15,92000000000,$87400.0M - $96600.0M,USD,True
ARR-D33129CEAA23780DC95D917E,COMP-3DA36D688D43678F,ART-A68F9384E0CEBA08,2022-12-25,570000000,$570.0M,USD,False
ARR-4BFE028B61B2E9987BC2C239,COMP-7AD8A9012E991995,ART-4A500B1209D2E255,2021-01-19,220000000,$0.220 billion,USD,False
ARR-762BC8F5B18160D4339D8504,COMP-D7B6461815275268,ART-4E6FE7F1A44FD58B,2020-04-24,120000000,$0.120 billion,USD,False
ARR-A86128E8EEBCB0ECEA0049F8,COMP-F1905B7E8DD98927,ART-100AFB1671FF564C,2021-05-21,14500000000,"¥2,175,000,000,000",JPY,False
ARR-28D3EAC1CB376DECF0285114,COMP-D3E00D24B34937E8,ART-FDBDCB092EF3B1B1,2020-03-27,38000000000,$38.000B,USD,False
ARR-A565BABB267F5D67DFBBFC11,COMP-A5A4E8E5266709E9,ART-D370BA8BB9DDD380,2023-07-20,1400000000,"£1,102,362,205",GBP,False
ARR-2392161BBA1C9354407AD601,COMP-A5B966CDCB605CA4,ART-55A8BA3D384E41E9,2023-05-06,1180000000,1180.0M USD,USD,False
ARR-4427D8E20F7C85DB55E68E53,COMP-6D785501E2B59644,ART-E231B261BB7C663C,2020-11-11,3000000000,$2850.0M - $3150.0M,USD,True
ARR-814D042ED8720DA95717A9B2,COMP-EFD12553D6A4F7E5,ART-DBC3F1A6474F6592,2021-01-17,31000000000,$31.000B,USD,False
ARR-973D6FF077711DD109952A24,COMP-F1905B7E8DD98927,ART-8614F424AC4CF983,2022-12-09,25000000000,"£19,685,039,370",GBP,False
ARR-8EBECC9A01A3594CABBAA1CD,COMP-D7B6461815275268,ART-5CE1DF94FE36D58C,2020-09-22,145000000,"$145,000,000",USD,False
ARR-102B99C7A47BDA3924DF6CD3,COMP-F0C6ACFF24BC7941,ART-07462B02F425817A,2023-12-07,1700000000,$1.700B,USD,False
ARR-110F87011DF51AADF3A8E046,COMP-54AADC94970AD31E,ART-69AE4D26BD52A522,2020-04-05,1030000000,$978.5M - $1081.5M,USD,True
ARR-1EBF85BD53027D821B8E2432,COMP-FDA76B0BCC1E87CF,ART-1E27FBE83907C397,2021-03-18,1000000000,$950.0M - $1050.0M,USD,True
ARR-685EA2421BE2C2A93BFC0993,COMP-296ABB15D702EA5D,ART-CCD1CF7E52FAC138,2023-02-17,1100000000,$1100.0 million,USD,False
ARR-6DD3DCBED5A1D52244FCC0EC,COMP-F1905B7E8DD98927,ART-A795631D864E4C77,2021-04-06,14500000000,$14.500 billion,USD,False
ARR-11B73E802A3B054432A36496,COMP-A19EE5A9FDC19109,ART-AD9C26829B50260F,2021-03-30,130000000,"¥19,500,000,000",JPY,False
ARR-4B2B1E8539C4E5153E7AE8FE,COMP-65AAA4A1B46C7F71,ART-93A7BA3B0D420B0D,2021-04-22,455000000,"€413,636,364",EUR,False
ARR-674F24FC40C82C33F3550E97,COMP-A5A4E8E5266709E9,ART-2B34AC30B967E75E,2023-08-08,1400000000,"£1,102,362,205",GBP,False
ARR-5E6E6712BD876C23A5455717,COMP-3DA36D688D43678F,ART-6F8CAAC536D81815,2020-01-24,100000000,$95.0M - $105.0M,USD,True
ARR-21F2609E436F43D5D8E58C22,COMP-11F3242118FF2ADD,ART-3F78F4D1DFD77374,2023-10-11,78000000000,"£61,417,322,835",GBP,False
ARR-B747060AD9A3C456BFE9B314,COMP-296ABB15D702EA5D,ART-82FA60C1D7B34E82,2022-09-26,1030000000,$1.030 billion,USD,False
ARR-B5AA13FE62CFFF14DCCE5280,COMP-D7B6461815275268,ART-D9BFEEC1510C4BBB,2023-10-07,900000000,900.0M USD,USD,False
ARR-503C685E9A324E58CB35D120,COMP-6D785501E2B59644,ART-DB54F45A6684E43E,2022-06-24,5600000000,$5600.0 million,USD,False
ARR-1A7E2126BE4813A083885D18,COMP-088472395B269710,ART-D171A88F041DE836,2020-10-29,12600000000,"¥1,890,000,000,000",JPY,False
ARR-CB5341DC68EC51101EA23AD8,COMP-EFD12553D6A4F7E5,ART-CF8AA0C92E4EA282,2023-01-24,82000000000,"£64,566,929,134",GBP,False
ARR-59A57A8026E976A46351538E,COMP-A19EE5A9FDC19109,ART-63D5CE77FDD7D16E,2023-08-22,1720000000,$1720.0 million,USD,False
ARR-AD64E377AC9A807084C07BD4,COMP-A19EE5A9FDC19109,ART-75243FAB28392211,2021-05-21,180000000,"€163,636,364",EUR,False
ARR-60D2796893D67ECFE1BDEAFF,COMP-2D3DAD417C3B2CB2,ART-CB2FEC81B1C8CFD6,2023-05-07,2150000000,$2150.0 million,USD,False
ARR-6287F6FA292E4845F8715755,COMP-EFD12553D6A4F7E5,ART-FC7217DC19C0B65F,2020-10-10,26000000000,26000.0M USD,USD,False
ARR-6B7CD98C8531CE542B6C1953,COMP-11F3242118FF2ADD,ART-9B7199DAABB91BA0,2020-06-08,44500000000,44500.0M USD,USD,False
ARR-34888B65DDC89B8CEE156D42,COMP-B780A23B530EF6BB,ART-47088CFA08A91BEB,2020-01-31,5000000,"¥750,000,000",JPY,False
ARR-917E5EEDABC2F328F8F89D7D,COMP-088472395B269710,ART-AA0A918E5EAD88D7,2022-04-09,17800000000,"¥2,670,000,000,000",JPY,False
ARR-03F2169B3AF715FCF028270E,COMP-F0C6ACFF24BC7941,ART-92397210CB5796A3,2022-03-21,1080000000,"¥162,000,000,000",JPY,False
ARR-131BD268037B3AF8922C1C0C,COMP-54AADC94970AD31E,ART-462D63201FD78391,2022-05-15,1550000000,$1472.5M - $1627.5M,USD,True
ARR-56D2D9FC81A2C6DBC52E617B,COMP-4D08EC58743327BA,ART-CE79C4C356B44D82,2023-09-12,2950000000,$2.950 billion,USD,False
ARR-541CD4E9065EEBCF69B384A8,COMP-F4E821747C88DE40,ART-3A5E0CDE6ADCC550,2020-06-11,2100000000,$2100.0 million,USD,False
ARR-3B8FF9C09FF5FC26E3F873C5,COMP-65AAA4A1B46C7F71,ART-E17C13A96899118A,2020-12-29,339999999,"£267,716,535",GBP,False
ARR-04274DE9C79655F80448196A,COMP-FDA76B0BCC1E87CF,ART-CF3E0BCC5F910B4D,2020-10-02,850000000,"¥127,500,000,000",JPY,False
ARR-22675361ADD5EB8F1FD7ADE0,COMP-A19EE5A9FDC19109,ART-9D716409E49AAB7F,2021-02-16,130000000,$123.5M - $136.5M,USD,True
ARR-0D4CFF78454FEE86BEE38521,COMP-296ABB15D702EA5D,ART-0999F0F8E28A7623,2020-02-08,610000000,$610.0 million,USD,False
ARR-74B3A05E1F231B18C1126E47,COMP-3DA36D688D43678F,ART-4F41B438907CE70B,2020-12-05,160000000,$0.160 billion,USD,False
ARR-38A47CA43952CF00ACC9ED03,COMP-6D785501E2B59644,ART-2BE6CBD6CBCA8D4A,2021-09-11,4200000000,$4.200B,USD,False
ARR-825DDCACE85D54A502EBD612,COMP-F0C6ACFF24BC7941,ART-8261244E473C731F,2021-01-24,720000000,$720.0M,USD,False
ARR-52EB64DF6C00770E03031D1D,COMP-B780A23B530EF6BB,ART-B43B5EBF6D557322,2022-03-04,95000000,"€86,363,636",EUR,False
ARR-B8EA60BD49DF22C2709B8AF1,COMP-A19EE5A9FDC19109,ART-7937EDD83BAED293,2021-10-01,320000000,$304.0M - $336.0M,USD,True
ARR-B9C57FAF41510C5FC06D007F,COMP-11F3242118FF2ADD,ART-A73341D7D4CB3790,2021-07-14,55000000000,$52250.0M - $57750.0M,USD,True
ARR-FB8D349EB7DDC8DD1C2290D1,COMP-A5A4E8E5266709E9,ART-24C82781D0BBA936,2020-04-20,145000000,$145.0M,USD,False
ARR-506329E24798A14DB4BC663E,COMP-6D785501E2B59644,ART-C969AB2D4F2EE187,2021-01-10,3400000000,"¥510,000,000,000",JPY,False
ARR-E16590EE2067B9C38F42D295,COMP-088472395B269710,ART-5C03629B2647A376,2021-05-14,15000000000,15000.0M USD,USD,False
ARR-A4164485FB18D1098E83D3A6,COMP-FDA76B0BCC1E87CF,ART-47DC7FE5883A6FB4,2020-05-22,620000000,"¥93,000,000,000",JPY,False
ARR-5D4AB2D99792D3B62156FF53,COMP-EFD12553D6A4F7E5,ART-B817D447F3CD3C12,2023-04-04,90000000000,"£70,866,141,732",GBP,False
ARR-60F65C3B2B77980F71ABDB09,COMP-4D08EC58743327BA,ART-13A53060EDB8BFD9,2023-03-13,2300000000,2300.0M USD,USD,False
ARR-0579445123A9FA94C18E1EE1,COMP-F1905B7E8DD98927,ART-B6E7FA74FE4FEDB3,2021-10-13,17000000000,$17.000B,USD,False
ARR-7809D09F3F30F772CBAA3FB6,COMP-F4E821747C88DE40,ART-32DC342DDB3015B0,2021-08-13,3900000000,$3900.0 million,USD,False
ARR-E1F58CBA0207991A892C99C5,COMP-B780A23B530EF6BB,ART-CBB31D7F81D3E780,2021-08-20,45000000,$0.045 billion,USD,False
ARR-D829C1F1BFCC412FCA43EE83,COMP-2D3DAD417C3B2CB2,ART-C10826DE8C24AFF0,2020-08-16,500000000,$0.500 billion,USD,False
ARR-A252A21607AFA6B4A2C03446,COMP-088472395B269710,ART-E5455E886F83C129,2023-10-31,45000000000,$45.000 billion,USD,False
ARR-C853221CB6D4275631625AC8,COMP-B780A23B530EF6BB,ART-D33C3BC95C8FFE9D,2022-12-24,250000000,$0.250 billion,USD,False
ARR-C19C165AAAD8F65570EDD63F,COMP-F1905B7E8DD98927,ART-6CF87D7453816DEB,2023-10-14,34000000000,"$34,000,000,000",USD,False
ARR-940CBBDB9DB1AE2FA2544C20,COMP-A5A4E8E5266709E9,ART-88F129E5AC8B3AF9,2022-02-07,700000000,700.0M USD,USD,False
ARR-6D46C78C7B5E68990897E124,COMP-7AD8A9012E991995,ART-CC28CF06ADC93589,2020-09-06,170000000,$170.0M,USD,False
ARR-4BF9A1E8896730AB5F0B053E,COMP-D7B6461815275268,ART-D1D630965D0120F2,2022-07-17,710000000,$710.0 million,USD,False
ARR-7F8976F997E9A1423E58358F,COMP-11F3242118FF2ADD,ART-B7002CBA07A65483,2022-02-06,64000000000,$64.000B,USD,False
ARR-7B53A93090EB2FCDA04E5E8D,COMP-A19EE5A9FDC19109,ART-A00CCB5B38715186,2020-10-31,95000000,"€86,363,636",EUR,False
ARR-1118A0FD82987EDB6E62EC3E,COMP-4D08EC58743327BA,ART-B28DB2BF641B65EE,2021-09-12,1380000000,$1.380B,USD,False
ARR-75C35FF0A6058FE4F371F646,COMP-B780A23B530EF6BB,ART-D9EB8FD1D71104AB,2020-02-21,5000000,"¥750,000,000",JPY,False
ARR-161E357A4B4506E842EA8FDD,COMP-11F3242118FF2ADD,ART-2F1C6FBAD81BDFBD,2023-09-01,75800000000,$75800.0 million,USD,False
ARR-ED27F33CC4F2F96228794638,COMP-54AADC94970AD31E,ART-0CF0126C835168DD,2020-12-15,1120000000,"£881,889,764",GBP,False
ARR-8D1A93BB4AAB604DE01EEA81,COMP-A5A4E8E5266709E9,ART-B7E6E89687C3426D,2023-03-25,1200000000,"€1,090,909,091",EUR,False
ARR-9ADF273057F7123D6F843045,COMP-D3E00D24B34937E8,ART-D0615835B5526BCA,2022-01-27,70000000000,70000.0M USD,USD,False
ARR-C671D2F4BBEFE830360CA06B,COMP-F0C6ACFF24BC7941,ART-8B8B22C5A8D206D1,2022-04-23,1180000000,"¥177,000,000,000",JPY,False
ARR-89D588B7D1FDF8A8C71D4521,COMP-6D785501E2B59644,ART-84399610D8485548,2020-01-10,2600000000,$2470.0M - $2730.0M,USD,True
ARR-87938EC7964DCB9E7C82E333,COMP-2D3DAD417C3B2CB2,ART-2BB397B7586A60FB,2021-01-31,740000000,"$740,000,000",USD,False
ARR-A34F5D362B861F69F3B9178C,COMP-54AADC94970AD31E,ART-A2A8839D9B529410,2023-02-04,1800000000,"€1,636,363,636",EUR,False
ARR-572EBF72C284434E42F25588,COMP-EFD12553D6A4F7E5,ART-EFB66C41A3A5E2FA,2021-03-27,31000000000,31000.0M USD,USD,False
ARR-CDE1D8D83A04281EA4FD8FC2,COMP-54AADC94970AD31E,ART-BB49746E6B8647F2,2021-02-01,1180000000,1180.0M USD,USD,False
ARR-27585EEAC39F49A5F331DC86,COMP-54AADC94970AD31E,ART-583770C0ED36A720,2020-12-16,1120000000,$1.120B,USD,False
ARR-EB95CA00D2AB8423AC5AC0F9,COMP-65AAA4A1B46C7F71,ART-519A765FBAF97C81,2022-05-08,655000000,"€595,454,545",EUR,False
ARR-6FEF14C6947D42C8DC45981C,COMP-A5B966CDCB605CA4,ART-54F3019EE5D96B58,2020-06-19,420000000,$420.0M,USD,False
ARR-FA672DCEE199FFAD0323B943,COMP-3DA36D688D43678F,ART-6F0AEDD1BBD5709C,2023-12-12,760000000,$0.760 billion,USD,False
ARR-5D490183ABFC56B36FCE586D,COMP-65AAA4A1B46C7F71,ART-9428611A4E74646F,2023-11-03,980000000,$980.0M,USD,False
ARR-288BDE35274028775F8D50F9,COMP-EFD12553D6A4F7E5,ART-94D31B4B264A608F,2021-04-06,38000000000,"$38,000,000,000",USD,False
ARR-2A19A9689B03CC2EBF48F7E0,COMP-F0C6ACFF24BC7941,ART-E5C52E9D7C3196E5,2020-09-08,590000000,"¥88,500,000,000",JPY,False
ARR-D32FECE0BB08336CA482E7A8,COMP-FDA76B0BCC1E87CF,ART-45876EDCC6860249,2020-08-11,730000000,$730.0M,USD,False
ARR-C97BF77BDEA5C16E19C9C9D6,COMP-F4E821747C88DE40,ART-3A7475DDA2A43BA0,2023-01-13,7000000000,$7.000B,USD,False
ARR-D71088F074EC40DA18498213,COMP-D3E00D24B34937E8,ART-F91F04D3C1A6C0E9,2021-04-09,58000000000,"€52,727,272,727",EUR,False
ARR-17F24E3C30110DD93699B0B1,COMP-296ABB15D702EA5D,ART-5BC231C092C3003C,2021-01-08,820000000,820.0M USD,USD,False
ARR-E08C2F0F01394957781D9116,COMP-EFD12553D6A4F7E5,ART-86F7364FC4DADCEE,2023-12-19,96000000000,$91200.0M - $100800.0M,USD,True
ARR-2B6C4443BE15F4D5F8D5CEF2,COMP-A5B966CDCB605CA4,ART-CC4B6183001AD91F,2022-07-27,945000000,"¥141,750,000,000",JPY,False
ARR-C1CB179E5933DD767FF6BD76,COMP-4D08EC58743327BA,ART-D74906885FF26093,2023-05-30,2600000000,$2.600B,USD,False
ARR-D2BB9AFD614582AF65049030,COMP-D3E00D24B34937E8,ART-FD5D6C9D10FD48F8,2024-10-04,102600000000,$102600.0M,USD,False
ARR-67D3600DB424A8405C2C2458,COMP-D3E00D24B34937E8,ART-47C707A6548BF256,2024-06-09,98800000000,$98.800 billion,USD,False
ARR-48F47A05158DAA713CB7DB95,COMP-6D785501E2B59644,ART-95BCFF0B6727B53D,2023-11-27,7800000000,7800.0M USD,USD,False
ARR-75731F3BC6340651C46ADC02,COMP-296ABB15D702EA5D,ART-C7FFB06068FE516A,2024-03-04,1350000000,"€1,227,272,727",EUR,False
ARR-662231A75058E65BFF86E93C,COMP-7AD8A9012E991995,ART-990E0A573361AAB3,2024-05-05,388000000,"£305,511,811",GBP,False
ARR-CF63022FDCEB60F1FE834A1F,COMP-FDA76B0BCC1E87CF,ART-C951DB5C046B0606,2024-08-16,3388000000,$3.219B - $3.557B,USD,True
ARR-CE19396F29D741A96E43FB55,COMP-D7B6461815275268,ART-0582904DDABFBFBD,2023-10-12,900000000,$0.900B,USD,False
ARR-A75DBAC0CB930D430A441191,COMP-F1905B7E8DD98927,ART-4F7B5BBBEFDA5EDC,2024-11-07,37400000000,$37400.0M,USD,False
ARR-CC6A387C1ED09C278DA0642F,COMP-2D3DAD417C3B2CB2,ART-923E6AFD99E5FE83,2024-08-19,3168000000,"$3,168,000,000",USD,False
ARR-543931169DBEBB82A238D81D,COMP-D3E00D24B34937E8,ART-E1FBDD1DC97172BF,2024-03-04,98800000000,$98.800 billion,USD,False
ARR-DB08EB6D75DB9888C808C1BD,COMP-EFD12553D6A4F7E5,ART-C186A8030BD61CB7,2024-04-11,96960000000,96960.0M USD,USD,False
ARR-9F53235CAA857DC5C4ED86B5,COMP-3DA36D688D43678F,ART-76FA74E5B712EA5F,2023-09-13,735000000,"€668,181,818",EUR,False
ARR-3F7D1494A79EBF4A740E5FEA,COMP-A5B966CDCB605CA4,ART-EBB2A46147E17A6B,2022-07-15,945000000,"£744,094,488",GBP,False
ARR-3FAB47B26143A2AB217A29C5,COMP-F4E821747C88DE40,ART-75F2383F3AA63CE8,2024-04-05,9180000000,$9180.0 million,USD,False
ARR-CD8FFFE3446C4A20499A0EA2,COMP-A19EE5A9FDC19109,ART-CB2295A0A47D2B70,2023-08-17,1720000000,$1.720B,USD,False
ARR-09BF7D8D989EB5648C2F4466,COMP-11F3242118FF2ADD,ART-E9C61F9404399775,2024-01-25,79170000000,$79170.0M,USD,False
ARR-CD1D051B4F753B3423BCEAED,COMP-11F3242118FF2ADD,ART-ABB5DCC0B65D3117,2024-10-27,83850000000,"$83,850,000,000",USD,False
ARR-A521A1710294359F04C5FFF8,COMP-D7B6461815275268,ART-40C6715BD5F9D6A7,2023-03-27,830000000,$0.830 billion,USD,False
ARR-1DF44C069EF838980E1760A5,COMP-088472395B269710,ART-7762DF1CCB943B2E,2024-06-21,54000000000,54000.0M USD,USD,False
ARR-9D9F14096ABD4B4F02FA1D79,COMP-65AAA4A1B46C7F71,ART-5AFB9E6BE810DB98,2023-04-15,860000000,"€781,818,182",EUR,False
ARR-177D989F68F84FCF60CA8A5E,COMP-F0C6ACFF24BC7941,ART-26A6774C0558E3B7,2023-04-12,1700000000,"£1,338,582,677",GBP,False
ARR-DB60D513102DF4CD29C73124,COMP-A5A4E8E5266709E9,ART-CFFA93585A1C7874,2024-01-13,1620000000,$1.539B - $1.701B,USD,True
ARR-80CCD41A33E07BD01203C78E,COMP-D3E00D24B34937E8,ART-B9FF58483A1F3CA1,2024-03-06,96900000000,$96.900B,USD,False
ARR-1734FCB48FCE7509B82D22D6,COMP-6D785501E2B59644,ART-A16925BA99B1DF7B,2024-06-21,7722000000,$7722.0M,USD,False
ARR-7B56D638DCE7D34B57AB699B,COMP-296ABB15D702EA5D,ART-9AAD2A38C0CD9CC3,2024-05-26,1350000000,"$1,350,000,000",USD,False
ARR-81885E9C454A2C6853A02E12,COMP-7AD8A9012E991995,ART-282ACB1768C46DBF,2024-07-09,399000000,$0.399 billion,USD,False
ARR-6971E6DF37021CD047D0E599,COMP-B780A23B530EF6BB,ART-5669EA9ED934165C,2023-02-28,320000000,320.0M USD,USD,False
ARR-A35E0D0C1C9232F40E951E8A,COMP-54AADC94970AD31E,ART-F8C7DD9A9714EC2B,2022-12-24,1700000000,"¥255,000,000,000",JPY,False
ARR-9E663711150B24751C76BB1A,COMP-D7B6461815275268,ART-03494328D7B3D5F7,2024-06-04,1044000000,$1044.0 million,USD,False
ARR-0E06FC15E5484DB79763890B,COMP-F1905B7E8DD98927,ART-4848607D1A3D6123,2024-02-12,37400000000,$37.400B,USD,False
ARR-4E1D8A46760DEDFA7A65E2D6,COMP-A5A4E8E5266709E9,ART-DC53DD7371D941EC,2024-03-07,1830000000,$1830.0M,USD,False
ARR-9201A5781AE93782B3C620E3,COMP-2D3DAD417C3B2CB2,ART-84367F3C4D79F79A,2024-07-03,3168000000,"$3,168,000,000",USD,False
ARR-9783177EE9CECF903DD70389,COMP-088472395B269710,ART-03C35B5C233381EA,2024-07-18,58500000000,"£46,062,992,126",GBP,False
ARR-29EE6B6F4FF05CC5838EDEE3,COMP-EFD12553D6A4F7E5,ART-5879AC487709EC64,2024-07-14,98880000000,"¥14,832,000,000,000",JPY,False
ARR-D329DDCFFDC120DF54DE129A,COMP-088472395B269710,ART-FF0013FD2099A77B,2024-05-05,54000000000,$51.300B - $56.700B,USD,True
ARR-513F846941799D3C3641CAC3,COMP-A19EE5A9FDC19109,ART-7B96FF77D6E2D692,2023-10-21,1800000000,$1800.0 million,USD,False
ARR-CD1E4344895268D47B2A041E,COMP-3DA36D688D43678F,ART-E2EA93A7AA8AC776,2023-08-15,735000000,$0.735B,USD,False
ARR-AAD555FCC74163F96DAAED43,COMP-A5B966CDCB605CA4,ART-13768902033D758C,2024-02-23,1431000000,$1431.0M,USD,False
ARR-65A9434B53CD324C7A2EE42E,COMP-F4E821747C88DE40,ART-CFAFEC023551F4C0,2024-06-08,9520000000,"$9,520,000,000",USD,False
ARR-3B696AE7B25D03F22B7E0907,COMP-A19EE5A9FDC19109,ART-F67E2942BBB980E4,2024-09-15,3420000000,$3.420 billion,USD,False
ARR-CB132AFE9F982432564BE156,COMP-088472395B269710,ART-2D2AC056A8C676D2,2022-02-26,17500000000,17500.0M USD,USD,False
ARR-A680833FED49D606058D2790,COMP-65AAA4A1B46C7F71,ART-323E8622C8BB786C,2024-10-27,1156000000,"€1,050,909,091",EUR,False
ARR-6BF5A093FDB883B6C2B3BA69,COMP-F0C6ACFF24BC7941,ART-31E147B9B8B2B406,2023-08-21,1640000000,"£1,291,338,583",GBP,False
ARR-C7F1E339204ECBCB7748C6A9,COMP-4D08EC58743327BA,ART-EEC801B26B052BBF,2024-05-28,3672000000,$3.488B - $3.856B,USD,True
ARR-8A1B4E9429CB2C332C01B701,COMP-A5A4E8E5266709E9,ART-7F818F4F7982A716,2024-08-12,1950000000,$1950.0 million,USD,False
ARR-18666040C2F159782A9273AD,COMP-11F3242118FF2ADD,ART-9AFD0A9FC0BF3A4C,2022-11-10,68500000000,$68.500B,USD,False
ARR-293F03B2AE024817BC229AB0,COMP-2D3DAD417C3B2CB2,ART-9A0063654E5D43DE,2024-11-12,3480000000,$3480.0M,USD,False
ARR-E10D6C49174CA63B8E497000,COMP-FDA76B0BCC1E87CF,ART-8135E8477FCA0836,2024-11-16,3612000000,"$3,612,000,000",USD,False
ARR-DD277BEADDBB14CDFD8BA958,COMP-A5B966CDCB605CA4,ART-7BEEF4EBB6389E28,2024-08-21,1566000000,$1.566 billion,USD,False
ARR-F399A08F3C6BAD22A637858C,COMP-D3E00D24B34937E8,ART-81270334A59727E7,2024-07-28,100700000000,100700.0M USD,USD,False
ARR-9DB797E20E4F82EFBA3130D9,COMP-6D785501E2B59644,ART-DA64E201A297BAA0,2024-11-20,8190000000,"€7,445,454,545",EUR,False
ARR-785179CBAF0B4FF94AD4E547,COMP-7AD8A9012E991995,ART-13B4A2E55ED93D32,2023-03-09,310000000,"£244,094,488",GBP,False
ARR-556474BFE2A5A703712519CE,COMP-F0C6ACFF24BC7941,ART-FBD8ADB38A402BF9,2024-05-21,1870000000,"¥280,500,000,000",JPY,False
ARR-ED1E6E32543456518748E9D9,COMP-296ABB15D702EA5D,ART-69B3C89BAB3AE8B5,2023-11-15,1250000000,$1.188B - $1.312B,USD,True
ARR-909B1C5FD99B7DD64EA17B25,COMP-7AD8A9012E991995,ART-870A26B6DB109A32,2024-05-09,399000000,$399.0 million,USD,False
ARR-A0E7A8CB460D9C2EC6BE4EE6,COMP-B780A23B530EF6BB,ART-ACBC1B3B9A2DD7AB,2024-11-17,1034000000,$1.034B,USD,False
ARR-6BDE507E06803F1FE9207583,COMP-FDA76B0BCC1E87CF,ART-E54F8C83DA637F48,2023-05-12,2520000000,$2520.0M,USD,False
ARR-FDBCA8C6195A2D3E4F01B118,COMP-54AADC94970AD31E,ART-82308CC95F44FE23,2022-10-21,1700000000,"$1,700,000,000",USD,False
ARR-4DE7411400C252824FF5EFBD,COMP-D7B6461815275268,ART-F82BE80C58A95553,2023-10-10,900000000,$0.900 billion,USD,False
ARR-6B95826785CCCD9A17002DC1,COMP-F1905B7E8DD98927,ART-C4CF580B9958BCA8,2024-03-24,34680000000,34680.0M USD,USD,False
ARR-CFD1CA144626A02818F08348,COMP-54AADC94970AD31E,ART-D6C7211E487F074C,2023-09-16,2100000000,"€1,909,090,909",EUR,False
ARR-6843A948445D051D39E92BE4,COMP-2D3DAD417C3B2CB2,ART-F473F900EDC93CA7,2024-04-21,2904000000,"£2,286,614,173",GBP,False
ARR-86896903A61798F8925DE454,COMP-EFD12553D6A4F7E5,ART-4E490FCC1697467B,2024-01-19,95040000000,"¥14,256,000,000,000",JPY,False
ARR-D73A5F11C98746183F2C6387,COMP-3DA36D688D43678F,ART-5B4E0350FF5CD61A,2022-08-18,500000000,$475.0M - $525.0M,USD,True
ARR-251A2167DA6BCEDA52337270,COMP-A5B966CDCB605CA4,ART-51DDDD995DF7C36F,2023-05-15,1180000000,$1.180B,USD,False
ARR-073AFB343E2D572697AF4E14,COMP-F4E821747C88DE40,ART-F494C40EA7E287C2,2024-09-16,9520000000,$9520.0M,USD,False
ARR-F2D13D1FE8A0E1D13613E5D9,COMP-A19EE5A9FDC19109,ART-A6C74545439024B6,2024-03-12,2250000000,"$2,250,000,000",USD,False
ARR-211EF5AC648764573160F766,COMP-65AAA4A1B46C7F71,ART-5DB98D46EA65900E,2024-03-13,1019000000,1019.0M USD,USD,False
ARR-77C1A0C4CBFFFA9D8C65CA4F,COMP-F0C6ACFF24BC7941,ART-599D4692BC54F660,2024-06-02,1870000000,"€1,700,000,000",EUR,False
ARR-0C6EA49A4D00FA1569230C17,COMP-4D08EC58743327BA,ART-3D7A00DC49BD3BAE,2022-12-16,2050000000,"£1,614,173,228",GBP,False
ARR-72388BCB0198AD7DCBDA5212,COMP-A5A4E8E5266709E9,ART-535625CEA7E34E21,2024-01-24,1620000000,"¥243,000,000,000",JPY,False
ARR-F2199D153603EDA77910708B,COMP-11F3242118FF2ADD,ART-223E82E86A428F26,2023-05-10,73500000000,$69.825B - $77.175B,USD,True
ARR-E9BEFBDE82EBB6C3529F8A9C,COMP-F4E821747C88DE40,ART-4CA5D47106CF2CA0,2024-11-14,9945000000,$9945.0 million,USD,False
ARR-9066C27A603D393B4A5DA4FB,COMP-D3E00D24B34937E8,ART-EB69EB69A91EFCDD,2022-01-20,70000000000,$70.000B,USD,False
ARR-262CDAF28E2B85BE8D4EEF6E,COMP-6D785501E2B59644,ART-4D4B02D56CC0630F,2024-02-23,7878000000,$7878.0M,USD,False
ARR-738FF498C5820B5B97B50105,COMP-4D08EC58743327BA,ART-31D29A42C76CF99E,2024-03-07,3536000000,"$3,536,000,000",USD,False
ARR-FACF0A192121B7CF19FDAA02,COMP-296ABB15D702EA5D,ART-4C4E2BB7A90FF3CF,2024-06-26,1350000000,$1.350 billion,USD,False
ARR-67C237F8CE901FE220EAD0F2,COMP-7AD8A9012E991995,ART-25D5A80087A95D08,2024-09-10,407000000,407.0M USD,USD,False
ARR-264003F2083C8A4C2FA634E4,COMP-B780A23B530EF6BB,ART-F0539023102FCBD3,2024-08-20,884000000,"¥132,600,000,000",JPY,False
ARR-4BCA45085DC830EC865B7A77,COMP-FDA76B0BCC1E87CF,ART-619A505CFAE11C93,2024-05-27,3192000000,$3.032B - $3.352B,USD,True
ARR-D9109D88293C72FAB138F404,COMP-54AADC94970AD31E,ART-338745E8ABC90517,2024-07-06,2576000000,$2576.0 million,USD,False
ARR-27ECDA0A9F2089792F06AADE,COMP-D7B6461815275268,ART-4A51EA320353543C,2022-08-27,710000000,$0.710B,USD,False
ARR-63A01CE1F0A92371E5519A22,COMP-F1905B7E8DD98927,ART-494CE855ACD8E489,2024-09-10,36380000000,"$36,380,000,000",USD,False
ARR-E37E77C1E56BDF250030F2D5,COMP-2D3DAD417C3B2CB2,ART-DD72FC0CAF5F27A4,2024-10-16,3480000000,$3.480 billion,USD,False
ARR-8DAC25D4CFE57BE56A2EB842,COMP-11F3242118FF2ADD,ART-9AD1F3A25AE97BAF,2024-02-25,79170000000,"€71,972,727,273",EUR,False
ARR-077AC75E89BE1BE4BE6E725A,COMP-11F3242118FF2ADD,ART-99411EEEC7A57B31,2024-12-02,83850000000,"£66,023,622,047",GBP,False
ARR-763884CFCF96EF263DD977D2,COMP-EFD12553D6A4F7E5,ART-707161F30C7BF543,2024-03-22,95040000000,"¥14,256,000,000,000",JPY,False
ARR-E1BAB3A4CFD5964C7068520D,COMP-3DA36D688D43678F,ART-C2609F7203BAC497,2023-11-24,760000000,$722.0M - $798.0M,USD,True
ARR-1A7B5EC9E17A44F28345455C,COMP-D7B6461815275268,ART-79C0E1B0A456265B,2024-05-27,1044000000,$1044.0 million,USD,False
ARR-899BAA6A7EB8F00D720B42DE,COMP-A5B966CDCB605CA4,ART-8400347313DA782B,2024-04-08,1499000000,$1.499B,USD,False
ARR-7BE510C8E90F275A74A364F2,COMP-F4E821747C88DE40,ART-74F0F1C54C38D6F7,2024-01-09,9520000000,$9520.0M,USD,False
ARR-046DDD4A0A0558672DEFDCF1,COMP-A19EE5A9FDC19109,ART-F33C05F3ED93BDF5,2024-04-24,2790000000,"$2,790,000,000",USD,False
ARR-565AF99A147E9B9B5F87A568,COMP-D7B6461815275268,ART-AC714B5142ED7FAA,2024-12-19,1215000000,1215.0M USD,USD,False
ARR-24E69D64B9A721DFFCB270F8,COMP-65AAA4A1B46C7F71,ART-EECEF903F95F6189,2023-02-04,790000000,"€718,181,818",EUR,False
ARR-0081C5EF46CB9A5D8B6BCE0C,COMP-F0C6ACFF24BC7941,ART-6EC4A7D5ACE73CA7,2024-05-03,1870000000,"£1,472,440,945",GBP,False
ARR-8596EC63DF6DF91F40EF0B73,COMP-A5A4E8E5266709E9,ART-63B18C62732BB7AF,2024-05-11,1725000000,"¥258,750,000,000",JPY,False
ARR-FA9B8452A0756C97966F1D3F,COMP-4D08EC58743327BA,ART-335434055BEA1E41,2024-05-09,3774000000,$3.585B - $3.963B,USD,True
ARR-7E29447CA5F9E64D2FA4F242,COMP-A5A4E8E5266709E9,ART-DD49DC891B4FE76C,2024-06-21,1725000000,$1725.0 million,USD,False
ARR-BF1B6CBE5BFA311F974DC027,COMP-A5A4E8E5266709E9,ART-FE7D279E2455DDAA,2024-05-01,1725000000,$1.725B,USD,False
ARR-9B3ECC83137AE0C0C8CFD260,COMP-088472395B269710,ART-8869355C333DEFDB,2024-08-13,58500000000,$58500.0M,USD,False
ARR-3E05E458BA025B7D12710D11,COMP-11F3242118FF2ADD,ART-079434A7829E77E4,2024-07-25,82290000000,"$82,290,000,000",USD,False
ARR-FEB3F4EBD17B2592D0EAE447,COMP-D3E00D24B34937E8,ART-6920D03B2AFB57A0,2024-12-20,102600000000,$102.600 billion,USD,False
ARR-D27B126F8E5320E914D33922,COMP-6D785501E2B59644,ART-56D4759D30C32182,2023-01-18,6600000000,"€6,000,000,000",EUR,False
ARR-888D4AE638585A55BEC5FF5B,COMP-088472395B269710,ART-A9184889F97D635E,2024-06-20,54000000000,"£42,519,685,039",GBP,False
ARR-1F4F7C841B57E144DA56844F,COMP-296ABB15D702EA5D,ART-1315218F4C894C4E,2023-12-27,1250000000,$1.188B - $1.312B,USD,True
ARR-A2A8EC83946B6B9D077D4639,COMP-7AD8A9012E991995,ART-5685471BE240C531,2024-05-21,388000000,$388.0 million,USD,False
ARR-18C5554410516EC80EAB50EB,COMP-B780A23B530EF6BB,ART-E3422DFD209B038E,2024-01-09,602000000,$602.0M,USD,False
ARR-91E2280532B21481D3125109,COMP-FDA76B0BCC1E87CF,ART-4F652FC0D503F50F,2024-11-16,3612000000,$3.612 billion,USD,False
ARR-2056F9AAD99D39488F783B49,COMP-A19EE5A9FDC19109,ART-3A0362267D245274,2023-06-10,1600000000,1600.0M USD,USD,False
ARR-8AA30718A7FB1E3918C22525,COMP-54AADC94970AD31E,ART-05052C124FA520A9,2024-12-12,2691000000,"€2,446,363,636",EUR,False
ARR-3814A4CA9E981E23E4715BF3,COMP-D7B6461815275268,ART-6E747E4F504D3DB2,2023-10-22,900000000,"£708,661,417",GBP,False
ARR-A230F246BA3D6BEB9CEB519D,COMP-F1905B7E8DD98927,ART-6163A15972F5EE65,2024-06-03,35360000000,"¥5,304,000,000,000",JPY,False
ARR-F373A52250B6A65525E572EF,COMP-2D3DAD417C3B2CB2,ART-8E1D7985B064FD75,2024-07-21,3168000000,$3.010B - $3.326B,USD,True
ARR-B4A67B4DAFA17726D5C74080,COMP-A19EE5A9FDC19109,ART-2B16D42A3FD4408E,2023-02-07,1450000000,$1450.0 million,USD,False
ARR-B685B40C8BD0C7196DF798F9,COMP-3DA36D688D43678F,ART-67A768DF0E4016FF,2024-10-10,1307000000,"$1,307,000,000",USD,False
ARR-33DA787EE067A1CBD9EADFAC,COMP-2D3DAD417C3B2CB2,ART-21FC9E2AED364502,2022-05-09,1700000000,$1.700 billion,USD,False
ARR-A39E43EB28E2404544028F1E,COMP-A5B966CDCB605CA4,ART-1BD911377EBD3658,2024-12-14,1647000000,1647.0M USD,USD,False
ARR-9073F762C1F149F459CD7ECB,COMP-F4E821747C88DE40,ART-167E42DE024FA18E,2023-06-21,7600000000,"€6,909,090,909",EUR,False
ARR-8682D955E3BCADC53C3EDABD,COMP-A19EE5A9FDC19109,ART-A6A4192E9F7B3D87,2024-01-09,2250000000,"¥337,500,000,000",JPY,False
ARR-332841DF833187A1CAEF4855,COMP-088472395B269710,ART-C90978302D798F0F,2024-01-24,49500000000,$49500.0 million,USD,False
ARR-8131DBA0FCF21CB8338F1D85,COMP-FDA76B0BCC1E87CF,ART-1283F4C92F0BC29A,2024-05-08,3388000000,$3.388B,USD,False
ARR-FB9D4CAB23283A9CBF1AE82C,COMP-65AAA4A1B46C7F71,ART-D2963FB9769E872E,2024-10-04,1156000000,$1156.0M,USD,False
ARR-14BF60F89377D77A6E1FFDBF,COMP-F0C6ACFF24BC7941,ART-40E922018F0F3ED5,2023-05-12,1700000000,"$1,700,000,000",USD,False
ARR-324EBD79055FBC2BE165A8AE,COMP-A5B966CDCB605CA4,ART-E04D5F881F8F0C9E,2024-04-18,1499000000,$1.499 billion,USD,False
ARR-AA7D8EFB3641F540ADC0455C,COMP-4D08EC58743327BA,ART-94CF558CDC496E71,2022-05-19,1820000000,1820.0M USD,USD,False
ARR-87E6B320CC7BFEECB33A8FB3,COMP-7AD8A9012E991995,ART-357BD9EBBD923719,2024-12-12,407000000,"€370,000,000",EUR,False
ARR-24445DFB62FF97ADE1CD6F43,COMP-A5A4E8E5266709E9,ART-484379EE67B18C4E,2022-11-16,1130000001,"£889,763,780",GBP,False
ARR-996E433C8222921661AE70B5,COMP-11F3242118FF2ADD,ART-6A0BF5BF340BD064,2024-07-20,82290000000,"¥12,343,500,000,000",JPY,False
ARR-A7DBF692C4C091076441CBDC,COMP-F0C6ACFF24BC7941,ART-F0113554513257B7,2024-02-05,1785000000,$1.696B - $1.874B,USD,True
ARR-B567ACC3B95BDD12E5F17CBD,COMP-54AADC94970AD31E,ART-2DAE6FE5978EDAB9,2024-05-23,2484000000,$2484.0 million,USD,False
ARR-0F6B63D3871D43A07F07B6AB,COMP-D3E00D24B34937E8,ART-DE0131664383CBDC,2024-10-23,102600000000,$102.600B,USD,False
ARR-05CB0A8261F2AA8264EF7E2C,COMP-6D785501E2B59644,ART-B75BDAD8DA6820E9,2024-01-18,7878000000,$7878.0M,USD,False
ARR-859D9214811873FB36CD3E61,COMP-F4E821747C88DE40,ART-E29F2B141ABDDB41,2023-12-22,8500000000,$8.500 billion,USD,False
ARR-F608E2FEDDB9DE450AE1D4FE,COMP-296ABB15D702EA5D,ART-84026FC5794D02BE,2024-04-25,1350000000,1350.0M USD,USD,False
ARR-B7B9EF524EA19D64EAF49EFF,COMP-4D08EC58743327BA,ART-E3B534F75F936F3D,2024-10-25,3910000001,"€3,554,545,455",EUR,False
ARR-82565C7FADF974E078F1FEA3,COMP-D3E00D24B34937E8,ART-F13AA8A2BC26A4BD,2024-05-25,98800000001,"£77,795,275,591",GBP,False
ARR-82C0F99ABF75B380DA371C07,COMP-7AD8A9012E991995,ART-9F741CE256B5FABA,2024-04-08,388000000,"¥58,200,000,000",JPY,False
ARR-D900DEE1F52F977479FDBBB2,COMP-B780A23B530EF6BB,ART-AC7F41E751E50370,2024-10-03,1034000000,$0.982B - $1.086B,USD,True
ARR-BE70AE3D3452B5566112D29C,COMP-FDA76B0BCC1E87CF,ART-F1564C5C833DFDFC,2024-07-08,3388000000,$3388.0 million,USD,False
ARR-56BC8D1A9256B1AD103548C5,COMP-D3E00D24B34937E8,ART-D11FF48859CFDD2B,2024-09-27,100700000000,$100.700B,USD,False
ARR-B0BBE681A0B656FED2C66854,COMP-11F3242118FF2ADD,ART-EDA8215A3C4DBFD7,2024-09-22,82290000000,$82290.0M,USD,False
ARR-48A6495C685D1F1F1AF1F85E,COMP-54AADC94970AD31E,ART-C08FD15E427542F1,2024-03-05,2392000000,"$2,392,000,000",USD,False
ARR-FECDFB4B4369962E06F8232A,COMP-11F3242118FF2ADD,ART-6BBF74E8AD405675,2024-05-19,80730000000,$80.730 billion,USD,False
ARR-38FEF21A18A64F4DAAD9733E,COMP-D7B6461815275268,ART-6B308D7A703655A3,2022-05-28,610000000,610.0M USD,USD,False
ARR-39E03720D8108A166A29D127,COMP-F1905B7E8DD98927,ART-AAB49E36E7C368BE,2024-10-08,37400000000,"€34,000,000,000",EUR,False
ARR-D8AC05DC0B978B97FC00E732,COMP-2D3DAD417C3B2CB2,ART-FB8A0C8B7CB8A14A,2024-10-02,3480000000,"£2,740,157,480",GBP,False
ARR-7FA38DB5DC572AFD1D254D11,COMP-EFD12553D6A4F7E5,ART-6E25CF4D8475ED25,2023-07-06,94000000000,"¥14,100,000,000,000",JPY,False
ARR-3F1D21BBA08C87DE59EF5EE1,COMP-3DA36D688D43678F,ART-A4A23E040F6F7839,2024-04-13,1026000000,$0.975B - $1.077B,USD,True
ARR-4227F0107DBD78C895B52D8E,COMP-A5B966CDCB605CA4,ART-EEE25B0C816FC0A2,2024-12-23,1647000000,$1647.0 million,USD,False
ARR-269F7C1441F8FC2D01794EC9,COMP-F4E821747C88DE40,ART-9AA7D1C324F4FD7A,2024-02-17,8925000000,$8.925B,USD,False
ARR-C0FEC361D57780021685390C,COMP-D7B6461815275268,ART-F5D5DDAF3C72BE0F,2024-05-06,1044000000,$1044.0M,USD,False
ARR-18D8A64C6A9272A9DB7314CF,COMP-D7B6461815275268,ART-3A23B5CB4C519332,2023-09-14,880000000,"$880,000,000",USD,False
ARR-70071767C9EF7A570B4681D1,COMP-A19EE5A9FDC19109,ART-D4459C202C65F687,2024-04-04,2790000000,$2.790 billion,USD,False
ARR-1078C4E7CC8BFE2A6C22CFF7,COMP-088472395B269710,ART-DA9C2CEF12A3E001,2024-10-14,62100000000,62100.0M USD,USD,False
ARR-B6BE3C0A2213CDEC45E6058F,COMP-65AAA4A1B46C7F71,ART-B0AC4D696035E006,2023-01-14,790000000,"£622,047,244",GBP,False
ARR-E789791FCA84A5FD97C34FBC,COMP-A5A4E8E5266709E9,ART-D0D8129350EF3926,2024-12-19,1950000000,$1950.0 million,USD,False
ARR-44B309C96787334FE0FAF1D5,COMP-4D08EC58743327BA,ART-232F6E689762BFEC,2024-07-21,3774000000,$3.774B,USD,False
ARR-38D201FF82A306E5CC0BDF80,COMP-A5A4E8E5266709E9,ART-4305DFF08372CFB1,2024-05-07,1725000000,$1.725 billion,USD,False
ARR-730D5B7523F636A1436C68CF,COMP-A5A4E8E5266709E9,ART-D07E69229E3B03E5,2024-08-11,1830000000,1830.0M USD,USD,False
ARR-FF05674331426357FCD7F407,COMP-11F3242118FF2ADD,ART-8536D2317010182F,2023-10-18,78000000000,"€70,909,090,909",EUR,False
ARR-B80EB3A1B70F1904FE209D96,COMP-D3E00D24B34937E8,ART-DA4E09C75CE5E196,2023-04-02,88500000000,"£69,685,039,370",GBP,False
ARR-A4E0B298B82BA3376D835DCD,COMP-6D785501E2B59644,ART-54AAD318F71E402D,2023-07-02,7400000000,"¥1,110,000,000,000",JPY,False
ARR-94E0EB0827319AB1491D655B,COMP-296ABB15D702EA5D,ART-A08A5E9735D95CEA,2024-08-26,1400000000,$1.330B - $1.470B,USD,True
ARR-B5375D01890670B55000B75C,COMP-088472395B269710,ART-CBDDA10936A05A84,2024-10-09,62100000000,$62.100B,USD,False
ARR-31F753F0842F2681CD3CC8E7,COMP-B780A23B530EF6BB,ART-C2EB33EDCEB9367E,2024-02-26,602000000,$602.0M,USD,False
ARR-0C038DE003D2FDD3B6179684,COMP-FDA76B0BCC1E87CF,ART-1A512AABEB3D799A,2024-08-15,3388000000,"$3,388,000,000",USD,False
ARR-47DD07622ABE46B6A2CBCB1A,COMP-54AADC94970AD31E,ART-06C76E60CCB0A663,2023-08-16,2100000000,$2.100 billion,USD,False
ARR-7F6150EB038A74A3DC6A1EFC,COMP-D7B6461815275268,ART-C0E7EDAAFA5A75B8,2024-11-12,1215000000,1215.0M USD,USD,False
ARR-B79877C062CD9CD50BD5F4E3,COMP-F1905B7E8DD98927,ART-1ED23D3AACCE1E99,2024-06-17,35360000000,"€32,145,454,545",EUR,False
ARR-929D584825C8DF13C3CA6866,COMP-EFD12553D6A4F7E5,ART-9C5C2E936D89EBB3,2023-01-05,82000000000,"¥12,300,000,000,000",JPY,False
ARR-6C9C65B296357CEC6425D4C3,COMP-088472395B269710,ART-897C4D819B167A73,2023-05-08,40500000000,$38.475B - $42.525B,USD,True
ARR-050015B47CCDFBA987BC7D15,COMP-3DA36D688D43678F,ART-3882D439828FFD75,2024-05-25,1026000000,$1026.0 million,USD,False
ARR-EA033ECA064460BB4577C0E2,COMP-A19EE5A9FDC19109,ART-FC33157C74C0C89F,2024-10-28,4050000000,$4.050B,USD,False
ARR-A580128F2B866F55A6E76F10,COMP-A19EE5A9FDC19109,ART-8465C0E8F5F109E6,2024-10-02,4050000000,$4050.0M,USD,False
ARR-9178FAFBF30BA4C11CAA119C,COMP-A5B966CDCB605CA4,ART-D4D2F8E7F0821ADD,2024-11-03,1647000000,"$1,647,000,000",USD,False
ARR-47C468CD4F374A74EA2C8311,COMP-F4E821747C88DE40,ART-7EBEA4B7D8C5B7CC,2023-01-23,7000000000,$7.000 billion,USD,False
ARR-767FA903CE1643E0758C5A6E,COMP-A19EE5A9FDC19109,ART-56E6E9C0E7C66F6D,2024-07-15,3420000000,3420.0M USD,USD,False
ARR-7BAED288EE6C7C4B5A7F408C,COMP-2D3DAD417C3B2CB2,ART-B8BAED05387F9051,2024-12-26,3480000000,"£2,740,157,480",GBP,False
ARR-71DF66246484D2E7FFA92FFC,COMP-088472395B269710,ART-5976A90A994CBBAB,2024-08-13,58500000000,"¥8,775,000,000,000",JPY,False
ARR-F45CB09B81942E1E55A60BA6,COMP-65AAA4A1B46C7F71,ART-2D0DB0DF573A8FE9,2024-02-16,1019000000,$0.968B - $1.070B,USD,True
ARR-A8493EF35E2BA3A925620F31,COMP-F0C6ACFF24BC7941,ART-6AA923D676F571EE,2023-04-02,1560000000,$1560.0 million,USD,False
ARR-2EB1B81DB52C784F3CF06B6D,COMP-4D08EC58743327BA,ART-4B8D35DB69862492,2024-07-28,3774000000,$3.774B,USD,False
ARR-976037BDF419500A6FFC5C92,COMP-11F3242118FF2ADD,ART-04DABEAB4BD230A8,2024-03-12,79170000000,"$79,170,000,000",USD,False
ARR-A1CEC2E172EA3EB2EAFEF48E,COMP-FDA76B0BCC1E87CF,ART-E31AA154DAFA4B06,2022-07-22,2050000000,2050.0M USD,USD,False
ARR-F62546236DA08EB5B2A24DED,COMP-A5B966CDCB605CA4,ART-CF27C7492B560D97,2024-03-06,1431000001,"£1,126,771,654",GBP,False
ARR-8E392FFA808EE06091A59DF2,COMP-296ABB15D702EA5D,ART-722ACDB043CBC813,2022-07-18,1030000000,"¥154,500,000,000",JPY,False
ARR-7A3CD7BBD7B2FA4F436CABE9,COMP-7AD8A9012E991995,ART-B152BAD1B6FDAAA2,2024-04-08,388000000,$368.6M - $407.4M,USD,True
ARR-D9CBBB2A9C42F0063CB605ED,COMP-B780A23B530EF6BB,ART-8DD81AF12B97EAE7,2023-08-11,430000000,$430.0 million,USD,False
ARR-D5232FA64898106C7E4A9C93,COMP-FDA76B0BCC1E87CF,ART-38585B9DA0CD0AB2,2024-07-08,3388000000,$3.388B,USD,False
ARR-DC1B479A58181CCF74793867,COMP-7AD8A9012E991995,ART-3DBD977147FF653D,2024-07-04,399000000,$399.0M,USD,False
ARR-D142CA867B71C31B716106AB,COMP-F0C6ACFF24BC7941,ART-E733689845039F0E,2024-03-08,1785000000,"$1,785,000,000",USD,False
ARR-A6EAAAED416533236388A816,COMP-54AADC94970AD31E,ART-E7EEC00EE63BE32A,2024-03-26,2392000000,$2.392 billion,USD,False
ARR-871AD0E3066C72088CE659DB,COMP-F4E821747C88DE40,ART-84DDEBF7E974855E,2024-12-12,9945000000,9945.0M USD,USD,False
ARR-D74BECE8081A87B1A38AE7CA,COMP-54AADC94970AD31E,ART-AAC3B59FCD3CEB6B,2024-08-27,2576000000,"€2,341,818,182",EUR,False
ARR-0E21EB20FD9877D66C4DC9A9,COMP-D7B6461815275268,ART-03BD40AA14588076,2024-12-21,1215000000,"£956,692,913",GBP,False
ARR-DFBEE2989352FB284396DAE3,COMP-F1905B7E8DD98927,ART-8BEDBCABEBAE8419,2024-02-28,34680000000,"¥5,202,000,000,000",JPY,False
ARR-DC13EC5BECE2111FDBA2761A,COMP-2D3DAD417C3B2CB2,ART-D62E267414B52604,2024-02-25,2640000000,$2.508B - $2.772B,USD,True
ARR-241DF14A2D7DC37BD01330D1,COMP-EFD12553D6A4F7E5,ART-4C62FBBC01131BB9,2024-07-01,98880000000,$98.880B,USD,False
ARR-36CEE94FD1D6E0D90F37FD00,COMP-3DA36D688D43678F,ART-ACEE77E4DA17CE5F,2024-01-05,897000000,$897.0M,USD,False
ARR-46FC572767071C20B8CFE0DC,COMP-F4E821747C88DE40,ART-3389FCEA9EB60A83,2024-10-22,9945000000,$9.945 billion,USD,False
ARR-9A821C3F7A9BC0A1BAF8362A,COMP-A19EE5A9FDC19109,ART-5E7E38F55391D8C0,2024-09-17,3420000000,3420.0M USD,USD,False
ARR-3D3CA022213E6E0D376DAD6E,COMP-088472395B269710,ART-982A527BB57B35A5,2024-09-08,58500000000,"€53,181,818,182",EUR,False
ARR-23ED8D3570D84AACF60CAFBB,COMP-4D08EC58743327BA,ART-2441EE03AE459BA9,2024-12-02,3909999999,"£3,078,740,157",GBP,False
ARR-F340528E3933DB0ADD64B301,COMP-65AAA4A1B46C7F71,ART-04B05C291B3872C8,2022-01-26,600000000,"¥90,000,000,000",JPY,False
ARR-1F069C7AF99C633F6D3B3877,COMP-F0C6ACFF24BC7941,ART-EACDFE8A87554152,2024-11-13,2057000000,$1.954B - $2.160B,USD,True
